#Organism Name	Organism Groups	Strain	BioSample	BioProject	Assembly	Level	Size(Mb)	GC%	Replicons	WGS	Scaffolds	CDS	Release Date	GenBank FTP	RefSeq FTP
Campylobacter jejuni subsp. jejuni NCTC 11168 = ATCC 700819	Bacteria;Proteobacteria;delta/epsilon subdivisions	NCTC 11168	SAMEA1705929	PRJNA8	GCA_000009085.1	Complete	1.64148	30.5	chromosome:NC_002163.1/AL111168.1		1	1572	2001-09-27T00:00:00Z	ftp://ftp.ncbi.nlm.nih.gov/genomes/all/GCA/000/009/085/GCA_000009085.1_ASM908v1	ftp://ftp.ncbi.nlm.nih.gov/genomes/all/GCF/000/009/085/GCF_000009085.1_ASM908v1
Xanthomonas campestris pv. campestris str. ATCC 33913	Bacteria;Proteobacteria;Gammaproteobacteria	ATCC 33913	SAMN02603845	PRJNA296	GCA_000007145.1	Complete	5.07619	65.1	chromosome:NC_003902.1/AE008922.1		1	4179	2001-11-28T00:00:00Z	ftp://ftp.ncbi.nlm.nih.gov/genomes/all/GCA/000/007/145/GCA_000007145.1_ASM714v1	ftp://ftp.ncbi.nlm.nih.gov/genomes/all/GCF/000/007/145/GCF_000007145.1_ASM714v1
Salmonella enterica subsp. enterica serovar Typhi str. CT18	Bacteria;Proteobacteria;Gammaproteobacteria	CT18	SAMEA1705914	PRJNA236	GCA_000195995.1	Complete	5.13371	51.8776	chromosome:NC_003198.1/AL513382.1; plasmid pHCM1:NC_003384.1/AL513383.1; plasmid pHCM2:NC_003385.1/AL513384.1		3	4473	2001-11-07T00:00:00Z	ftp://ftp.ncbi.nlm.nih.gov/genomes/all/GCA/000/195/995/GCA_000195995.1_ASM19599v1	ftp://ftp.ncbi.nlm.nih.gov/genomes/all/GCF/000/195/995/GCF_000195995.1_ASM19599v1
Yersinia pestis CO92	Bacteria;Proteobacteria;Gammaproteobacteria	CO92	SAMEA1705942	PRJNA34	GCA_000009065.1	Complete	4.82986	47.6065	chromosome:NC_003143.1/AL590842.1; plasmid pCD1:NC_003131.1/AL117189.1; plasmid pMT1:NC_003134.1/AL117211.1; plasmid pPCP1:NC_003132.1/AL109969.1		4	3979	2001-10-15T00:00:00Z	ftp://ftp.ncbi.nlm.nih.gov/genomes/all/GCA/000/009/065/GCA_000009065.1_ASM906v1	ftp://ftp.ncbi.nlm.nih.gov/genomes/all/GCF/000/009/065/GCF_000009065.1_ASM906v1
Staphylococcus aureus subsp. aureus NCTC 8325	Bacteria;Terrabacteria group;Firmicutes	NCTC 8325	SAMN02604235	PRJNA237	GCA_000013425.1	Complete	2.82136	32.9	chromosome:NC_007795.1/CP000253.1		1	2767	2006-02-13T00:00:00Z	ftp://ftp.ncbi.nlm.nih.gov/genomes/all/GCA/000/013/425/GCA_000013425.1_ASM1342v1	ftp://ftp.ncbi.nlm.nih.gov/genomes/all/GCF/000/013/425/GCF_000013425.1_ASM1342v1
Staphylococcus epidermidis ATCC 12228	Bacteria;Terrabacteria group;Firmicutes	ATCC 12228	SAMN02603126	PRJNA279	GCA_000007645.1	Complete	2.56461	32.0512	chromosome:NC_004461.1/AE015929.1; plasmid pSE-12228-01:NC_005008.1/AE015930.1; plasmid pSE-12228-02:NC_005007.1/AE015931.1; plasmid pSE-12228-03:NC_005006.1/AE015932.1; plasmid pSE-12228-04:NC_005005.1/AE015933.1; plasmid pSE-12228-05:NC_005004.1/AE015934.1; plasmid pSE-12228-06:NC_005003.1/AE015935.1		7	2482	2002-12-20T00:00:00Z	ftp://ftp.ncbi.nlm.nih.gov/genomes/all/GCA/000/007/645/GCA_000007645.1_ASM764v1	ftp://ftp.ncbi.nlm.nih.gov/genomes/all/GCF/000/007/645/GCF_000007645.1_ASM764v1
Lactococcus lactis subsp. lactis Il1403	Bacteria;Terrabacteria group;Firmicutes	IL1403	SAMN02603339	PRJNA72	GCA_000006865.1	Complete	2.36559	35.3	chromosome:NC_002662.1/AE005176.1		1	2277	2001-01-09T00:00:00Z	ftp://ftp.ncbi.nlm.nih.gov/genomes/all/GCA/000/006/865/GCA_000006865.1_ASM686v1	ftp://ftp.ncbi.nlm.nih.gov/genomes/all/GCF/000/006/865/GCF_000006865.1_ASM686v1
Bacillus cereus ATCC 14579	Bacteria;Terrabacteria group;Firmicutes	ATCC 14579	SAMN02603340	PRJNA384	GCA_000007825.1	Complete	5.42708	35.3076	chromosome:NC_004722.1/AE016877.1; plasmid pBClin15:NC_004721.2/AE016878.2		2	5231	2003-04-16T00:00:00Z	ftp://ftp.ncbi.nlm.nih.gov/genomes/all/GCA/000/007/825/GCA_000007825.1_ASM782v1	ftp://ftp.ncbi.nlm.nih.gov/genomes/all/GCF/000/007/825/GCF_000007825.1_ASM782v1
Listeria monocytogenes EGD-e	Bacteria;Terrabacteria group;Firmicutes	EGD-e	SAMEA3138329	PRJNA276	GCA_000196035.1	Complete	2.94453	38	chromosome:NC_003210.1/AL591824.1		1	2867	2001-11-08T00:00:00Z	ftp://ftp.ncbi.nlm.nih.gov/genomes/all/GCA/000/196/035/GCA_000196035.1_ASM19603v1	ftp://ftp.ncbi.nlm.nih.gov/genomes/all/GCF/000/196/035/GCF_000196035.1_ASM19603v1
Prochlorococcus marinus subsp. marinus str. CCMP1375	Bacteria;Terrabacteria group;Cyanobacteria/Melainabacteria group	CCMP1375; SS120	SAMN02603142	PRJNA419	GCA_000007925.1	Complete	1.75108	36.4	chromosome:NC_005042.1/AE017126.1		1	1882	2003-07-25T00:00:00Z	ftp://ftp.ncbi.nlm.nih.gov/genomes/all/GCA/000/007/925/GCA_000007925.1_ASM792v1	ftp://ftp.ncbi.nlm.nih.gov/genomes/all/GCF/000/007/925/GCF_000007925.1_ASM792v1
Haemophilus influenzae Rd KW20	Bacteria;Proteobacteria;Gammaproteobacteria		SAMN02603991	PRJNA219	GCA_000027305.1	Complete	1.83014	38.2	chromosome:NC_000907.1/L42023.1		1	1610	1995-07-25T00:00:00Z	ftp://ftp.ncbi.nlm.nih.gov/genomes/all/GCA/000/027/305/GCA_000027305.1_ASM2730v1	ftp://ftp.ncbi.nlm.nih.gov/genomes/all/GCF/000/027/305/GCF_000027305.1_ASM2730v1
Mycobacterium tuberculosis H37Rv	Bacteria;Terrabacteria group;Actinobacteria	H37Rv	SAMEA3138326	PRJNA224	GCA_000195955.2	Complete	4.41153	65.6	chromosome:NC_000962.3/AL123456.3		1	3906	2001-09-07T00:00:00Z	ftp://ftp.ncbi.nlm.nih.gov/genomes/all/GCA/000/195/955/GCA_000195955.2_ASM19595v2	ftp://ftp.ncbi.nlm.nih.gov/genomes/all/GCF/000/195/955/GCF_000195955.2_ASM19595v2
Escherichia coli IAI39	Bacteria;Proteobacteria;Gammaproteobacteria	IAI39	SAMEA3138234	PRJNA33411	GCA_000026345.1	Complete	5.13207	50.6	chromosome:NC_011750.1/CU928164.2		1	4725	2008-12-16T00:00:00Z	ftp://ftp.ncbi.nlm.nih.gov/genomes/all/GCA/000/026/345/GCA_000026345.1_ASM2634v1	ftp://ftp.ncbi.nlm.nih.gov/genomes/all/GCF/000/026/345/GCF_000026345.1_ASM2634v1
Helicobacter pylori 26695	Bacteria;Proteobacteria;delta/epsilon subdivisions	26695	SAMN02603995	PRJNA233	GCA_000008525.1	Complete	1.66787	38.9	chromosome:NC_000915.1/AE000511.1		1	1445	1997-08-06T00:00:00Z	ftp://ftp.ncbi.nlm.nih.gov/genomes/all/GCA/000/008/525/GCA_000008525.1_ASM852v1	ftp://ftp.ncbi.nlm.nih.gov/genomes/all/GCF/000/008/525/GCF_000008525.1_ASM852v1
Chlamydia pneumoniae CWL029	Bacteria;PVC group;Chlamydiae	CWL029	SAMN02603115	PRJNA248	GCA_000008745.1	Complete	1.23023	40.6	chromosome:NC_000922.1/AE001363.1		1	1029	1999-12-22T00:00:00Z	ftp://ftp.ncbi.nlm.nih.gov/genomes/all/GCA/000/008/745/GCA_000008745.1_ASM874v1	ftp://ftp.ncbi.nlm.nih.gov/genomes/all/GCF/000/008/745/GCF_000008745.1_ASM874v1
Neisseria meningitidis MC58	Bacteria;Proteobacteria;Betaproteobacteria	MC58	SAMN02603997	PRJNA251	GCA_000008805.1	Complete	2.27236	51.5	chromosome:NC_003112.2/AE002098.2		1	1943	2000-02-25T00:00:00Z	ftp://ftp.ncbi.nlm.nih.gov/genomes/all/GCA/000/008/805/GCA_000008805.1_ASM880v1	ftp://ftp.ncbi.nlm.nih.gov/genomes/all/GCF/000/008/805/GCF_000008805.1_ASM880v1
Streptococcus pyogenes M1 GAS	Bacteria;Terrabacteria group;Firmicutes	SF370	SAMN02604089	PRJNA269	GCA_000006785.2	Complete	1.85243	38.5	chromosome:NC_002737.2/AE004092.2		1	1693	2001-04-10T00:00:00Z	ftp://ftp.ncbi.nlm.nih.gov/genomes/all/GCA/000/006/785/GCA_000006785.2_ASM678v2	ftp://ftp.ncbi.nlm.nih.gov/genomes/all/GCF/000/006/785/GCF_000006785.2_ASM678v2
Streptococcus pneumoniae R6	Bacteria;Terrabacteria group;Firmicutes	R6	SAMN02603218	PRJNA278	GCA_000007045.1	Complete	2.03862	39.7	chromosome:NC_003098.1/AE007317.1		1	1814	2001-10-03T00:00:00Z	ftp://ftp.ncbi.nlm.nih.gov/genomes/all/GCA/000/007/045/GCA_000007045.1_ASM704v1	ftp://ftp.ncbi.nlm.nih.gov/genomes/all/GCF/000/007/045/GCF_000007045.1_ASM704v1
Leptospira interrogans serovar Lai str. 56601	Bacteria;Spirochaetes;Spirochaetia	56601	SAMN02603127	PRJNA293	GCA_000092565.1	Complete	4.69813	35.0076	chromosome I:NC_004342.2/AE010300.2; chromosome II:NC_004343.2/AE010301.2		2	3683	2002-10-21T00:00:00Z	ftp://ftp.ncbi.nlm.nih.gov/genomes/all/GCA/000/092/565/GCA_000092565.1_ASM9256v1	ftp://ftp.ncbi.nlm.nih.gov/genomes/all/GCF/000/092/565/GCF_000092565.1_ASM9256v1
Fusobacterium nucleatum subsp. nucleatum ATCC 25586	Bacteria;Fusobacteria;Fusobacteriia	ATCC 25586	SAMN02603417	PRJNA295	GCA_000007325.1	Complete	2.1745	27.2	chromosome:NC_003454.1/AE009951.2		1	1983	2002-02-13T00:00:00Z	ftp://ftp.ncbi.nlm.nih.gov/genomes/all/GCA/000/007/325/GCA_000007325.1_ASM732v1	ftp://ftp.ncbi.nlm.nih.gov/genomes/all/GCF/000/007/325/GCF_000007325.1_ASM732v1
Bacillus anthracis str. Ames	Bacteria;Terrabacteria group;Firmicutes	Ames	SAMN02603432	PRJNA309	GCA_000007845.1	Complete	5.22729	35.4	chromosome:NC_003997.3/AE016879.1		1	5321	2002-05-16T00:00:00Z	ftp://ftp.ncbi.nlm.nih.gov/genomes/all/GCA/000/007/845/GCA_000007845.1_ASM784v1	ftp://ftp.ncbi.nlm.nih.gov/genomes/all/GCF/000/007/845/GCF_000007845.1_ASM784v1
Shigella flexneri 2a str. 301	Bacteria;Proteobacteria;Gammaproteobacteria	301	SAMN02603599	PRJNA310	GCA_000006925.2	Complete	4.82882	50.6659	chromosome:NC_004337.2/AE005674.2; plasmid pCP301:NC_004851.1/AF386526.1		2	4313	2002-10-16T00:00:00Z	ftp://ftp.ncbi.nlm.nih.gov/genomes/all/GCA/000/006/925/GCA_000006925.2_ASM692v2	ftp://ftp.ncbi.nlm.nih.gov/genomes/all/GCF/000/006/925/GCF_000006925.2_ASM692v2
Bifidobacterium longum NCC2705	Bacteria;Terrabacteria group;Actinobacteria	NCC2705	SAMN02603675	PRJNA328	GCA_000007525.1	Complete	2.26027	60.1075	chromosome:NC_004307.2/AE014295.3; plasmid pBLO1:NC_004943.1/AF540971.1		2	1728	2002-09-27T00:00:00Z	ftp://ftp.ncbi.nlm.nih.gov/genomes/all/GCA/000/007/525/GCA_000007525.1_ASM752v1	ftp://ftp.ncbi.nlm.nih.gov/genomes/all/GCF/000/007/525/GCF_000007525.1_ASM752v1
Pseudomonas syringae pv. syringae B728a	Bacteria;Proteobacteria;Gammaproteobacteria	B728a	SAMN02604347	PRJNA323	GCA_000012245.1	Complete	6.0937	59.2	chromosome:NC_007005.1/CP000075.1		1	5089	2005-05-12T00:00:00Z	ftp://ftp.ncbi.nlm.nih.gov/genomes/all/GCA/000/012/245/GCA_000012245.1_ASM1224v1	ftp://ftp.ncbi.nlm.nih.gov/genomes/all/GCF/000/012/245/GCF_000012245.1_ASM1224v1
Streptococcus agalactiae 2603V/R	Bacteria;Terrabacteria group;Firmicutes	2603V/R	SAMN02604013	PRJNA330	GCA_000007265.1	Complete	2.16027	35.6	chromosome:NC_004116.1/AE009948.1		1	2127	2002-08-28T00:00:00Z	ftp://ftp.ncbi.nlm.nih.gov/genomes/all/GCA/000/007/265/GCA_000007265.1_ASM726v1	ftp://ftp.ncbi.nlm.nih.gov/genomes/all/GCF/000/007/265/GCF_000007265.1_ASM726v1
Pseudomonas aeruginosa PAO1	Bacteria;Proteobacteria;Gammaproteobacteria	PAO1	SAMN02603714	PRJNA331	GCA_000006765.1	Complete	6.2644	66.6	chromosome:NC_002516.2/AE004091.2		1	5572	2000-05-16T00:00:00Z	ftp://ftp.ncbi.nlm.nih.gov/genomes/all/GCA/000/006/765/GCA_000006765.1_ASM676v1	ftp://ftp.ncbi.nlm.nih.gov/genomes/all/GCF/000/006/765/GCF_000006765.1_ASM676v1
Streptococcus suis BM407	Bacteria;Terrabacteria group;Firmicutes	BM407	SAMEA2272697	PRJEA32237	GCA_000026745.1	Complete	2.17081	41.0468	chromosome:NC_012926.1/FM252032.1; plasmid pBM407:NC_012923.1/FM252033.1		2	1947	2009-07-07T00:00:00Z	ftp://ftp.ncbi.nlm.nih.gov/genomes/all/GCA/000/026/745/GCA_000026745.1_ASM2674v1	ftp://ftp.ncbi.nlm.nih.gov/genomes/all/GCF/000/026/745/GCF_000026745.1_ASM2674v1
Bacteroides fragilis YCH46	Bacteria;FCB group;Bacteroidetes/Chlorobi group	YCH46	SAMD00061068	PRJNA13067	GCA_000009925.1	Complete	5.31099	43.2378	chromosome:NC_006347.1/AP006841.1; plasmid pBFY46:NC_006297.1/AP006842.1		2	4625	2004-09-16T23:37:00Z	ftp://ftp.ncbi.nlm.nih.gov/genomes/all/GCA/000/009/925/GCA_000009925.1_ASM992v1	ftp://ftp.ncbi.nlm.nih.gov/genomes/all/GCF/000/009/925/GCF_000009925.1_ASM992v1
Shigella dysenteriae Sd197	Bacteria;Proteobacteria;Gammaproteobacteria	Sd197	SAMN02603600	PRJNA13145	GCA_000012005.1	Complete	4.56091	50.921	chromosome:NC_007606.1/CP000034.1; plasmid pSD197_spA:NC_009344.1/CP000640.1; plasmid pSD1_197:NC_007607.1/CP000035.1		3	4294	2005-11-09T00:00:00Z	ftp://ftp.ncbi.nlm.nih.gov/genomes/all/GCA/000/012/005/GCA_000012005.1_ASM1200v1	ftp://ftp.ncbi.nlm.nih.gov/genomes/all/GCF/000/012/005/GCF_000012005.1_ASM1200v1
Legionella pneumophila subsp. pneumophila str. Philadelphia 1	Bacteria;Proteobacteria;Gammaproteobacteria	Philadelphia 1	SAMN02603156	PRJNA22	GCA_000008485.1	Complete	3.39775	38.3	chromosome:NC_002942.5/AE017354.1		1	2943	2001-10-15T00:00:00Z	ftp://ftp.ncbi.nlm.nih.gov/genomes/all/GCA/000/008/485/GCA_000008485.1_ASM848v1	ftp://ftp.ncbi.nlm.nih.gov/genomes/all/GCF/000/008/485/GCF_000008485.1_ASM848v1
Thermus thermophilus HB8	Bacteria;Terrabacteria group;Deinococcus-Thermus	HB8	SAMD00061070	PRJNA13202	GCA_000091545.1	Complete	2.11606	69.4857	chromosome:NC_006461.1/AP008226.1; plasmid pTT27:NC_006462.1/AP008227.1; plasmid pTT8:NC_006463.1/AP008228.1		3	2173	2004-11-15T23:04:00Z	ftp://ftp.ncbi.nlm.nih.gov/genomes/all/GCA/000/091/545/GCA_000091545.1_ASM9154v1	ftp://ftp.ncbi.nlm.nih.gov/genomes/all/GCF/000/091/545/GCF_000091545.1_ASM9154v1
Corynebacterium glutamicum ATCC 13032	Bacteria;Terrabacteria group;Actinobacteria	ATCC 13032	SAMD00061105	PRJNA307	GCA_000011325.1	Complete	3.3094	53.8	chromosome:NC_003450.3/BA000036.3		1	2959	2001-03-12T00:00:00Z	ftp://ftp.ncbi.nlm.nih.gov/genomes/all/GCA/000/011/325/GCA_000011325.1_ASM1132v1	ftp://ftp.ncbi.nlm.nih.gov/genomes/all/GCF/000/011/325/GCF_000011325.1_ASM1132v1
Chlamydia trachomatis D/UW-3/CX	Bacteria;PVC group;Chlamydiae	D/UW-3/CX	SAMN02603114	PRJNA45	GCA_000008725.1	Complete	1.04252	41.3	chromosome:NC_000117.1/AE001273.1		1	887	1998-05-20T00:00:00Z	ftp://ftp.ncbi.nlm.nih.gov/genomes/all/GCA/000/008/725/GCA_000008725.1_ASM872v1	ftp://ftp.ncbi.nlm.nih.gov/genomes/all/GCF/000/008/725/GCF_000008725.1_ASM872v1
Burkholderia pseudomallei K96243	Bacteria;Proteobacteria;Betaproteobacteria	K96243	SAMEA1705938	PRJNA178	GCA_000011545.1	Complete	7.24755	68.0502	chromosome 1:NC_006350.1/BX571965.1; chromosome 2:NC_006351.1/BX571966.1		2	5726	2004-09-16T00:00:00Z	ftp://ftp.ncbi.nlm.nih.gov/genomes/all/GCA/000/011/545/GCA_000011545.1_ASM1154v1	ftp://ftp.ncbi.nlm.nih.gov/genomes/all/GCF/000/011/545/GCF_000011545.1_ASM1154v1
Burkholderia mallei ATCC 23344	Bacteria;Proteobacteria;Betaproteobacteria	ATCC 23344	SAMN02603987	PRJNA171	GCA_000011705.1	Complete	5.83553	68.5188	chromosome 1:NC_006348.1/CP000010.1; chromosome 2:NC_006349.2/CP000011.2		2	5022	2004-09-22T00:00:00Z	ftp://ftp.ncbi.nlm.nih.gov/genomes/all/GCA/000/011/705/GCA_000011705.1_ASM1170v1	ftp://ftp.ncbi.nlm.nih.gov/genomes/all/GCF/000/011/705/GCF_000011705.1_ASM1170v1
[Bacillus thuringiensis] serovar konkukian str. 97-27	Bacteria;Terrabacteria group;Firmicutes	97-27	SAMN02598265	PRJNA10877	GCA_000008505.1	Complete	5.31479	35.3594	chromosome:NC_005957.1/AE017355.1; plasmid pBT9727:NC_006578.1/CP000047.1		2	5197	2004-06-28T00:00:00Z	ftp://ftp.ncbi.nlm.nih.gov/genomes/all/GCA/000/008/505/GCA_000008505.1_ASM850v1	ftp://ftp.ncbi.nlm.nih.gov/genomes/all/GCF/000/008/505/GCF_000008505.1_ASM850v1
Vibrio cholerae O1 biovar El Tor str. N16961	Bacteria;Proteobacteria;Gammaproteobacteria	N16961	SAMN02603969	PRJNA36	GCA_000006745.1	Complete	4.03346	47.4873	chromosome I:NC_002505.1/AE003852.1; chromosome II:NC_002506.1/AE003853.1		2	3504	2000-06-14T00:00:00Z	ftp://ftp.ncbi.nlm.nih.gov/genomes/all/GCA/000/006/745/GCA_000006745.1_ASM674v1	ftp://ftp.ncbi.nlm.nih.gov/genomes/all/GCF/000/006/745/GCF_000006745.1_ASM674v1
Francisella tularensis subsp. tularensis SCHU S4	Bacteria;Proteobacteria;Gammaproteobacteria	SCHU S4	SAMEA3138185	PRJNA9	GCA_000008985.1	Complete	1.89278	32.3	chromosome:NC_006570.2/AJ749949.2		1	1556	2004-12-14T00:00:00Z	ftp://ftp.ncbi.nlm.nih.gov/genomes/all/GCA/000/008/985/GCA_000008985.1_ASM898v1	ftp://ftp.ncbi.nlm.nih.gov/genomes/all/GCF/000/008/985/GCF_000008985.1_ASM898v1
Streptococcus mitis B6	Bacteria;Terrabacteria group;Firmicutes	B6	SAMEA3138244	PRJNA16302	GCA_000027165.1	Complete	2.14661	40	chromosome:NC_013853.1/FN568063.1		1	2002	2010-02-16T00:00:00Z	ftp://ftp.ncbi.nlm.nih.gov/genomes/all/GCA/000/027/165/GCA_000027165.1_ASM2716v1	ftp://ftp.ncbi.nlm.nih.gov/genomes/all/GCF/000/027/165/GCF_000027165.1_ASM2716v1
Clostridioides difficile 630	Bacteria;Terrabacteria group;Firmicutes	630	SAMEA1705932	PRJNA78	GCA_000009205.2	Complete	4.29813	29.0978	chromosome:NC_009089.1/AM180355.1; plasmid pCD630:NC_008226.2/AM180356.2		2	3766	2006-06-27T00:00:00Z	ftp://ftp.ncbi.nlm.nih.gov/genomes/all/GCA/000/009/205/GCA_000009205.2_ASM920v2	ftp://ftp.ncbi.nlm.nih.gov/genomes/all/GCF/000/009/205/GCF_000009205.2_ASM920v2
Coxiella burnetii RSA 493	Bacteria;Proteobacteria;Gammaproteobacteria	RSA 493	SAMN02603970	PRJNA41	GCA_000007765.2	Complete	2.03281	42.6376	chromosome:NC_002971.4/AE016828.3; plasmid pQpH1:NC_004704.2/AE016829.2		2	1833	2001-08-28T00:00:00Z	ftp://ftp.ncbi.nlm.nih.gov/genomes/all/GCA/000/007/765/GCA_000007765.2_ASM776v2	ftp://ftp.ncbi.nlm.nih.gov/genomes/all/GCF/000/007/765/GCF_000007765.2_ASM776v2
Bacillus subtilis subsp. subtilis str. 168	Bacteria;Terrabacteria group;Firmicutes	168	SAMEA3138188	PRJNA76	GCA_000009045.1	Complete	4.21561	43.5	chromosome:NC_000964.3/AL009126.3		1	4237	1997-11-20T00:00:00Z	ftp://ftp.ncbi.nlm.nih.gov/genomes/all/GCA/000/009/045/GCA_000009045.1_ASM904v1	ftp://ftp.ncbi.nlm.nih.gov/genomes/all/GCF/000/009/045/GCF_000009045.1_ASM904v1
Vibrio parahaemolyticus RIMD 2210633	Bacteria;Proteobacteria;Gammaproteobacteria	O3:K6 substr. RIMD 2210633	SAMD00058707	PRJNA360	GCA_000196095.1	Complete	5.16577	45.4	chromosome 1:NC_004603.1/BA000031.2; chromosome 2:NC_004605.1/BA000032.2		2	4831	2003-03-05T00:00:00Z	ftp://ftp.ncbi.nlm.nih.gov/genomes/all/GCA/000/196/095/GCA_000196095.1_ASM19609v1	ftp://ftp.ncbi.nlm.nih.gov/genomes/all/GCF/000/196/095/GCF_000196095.1_ASM19609v1
Mycoplasma mycoides subsp. mycoides SC str. PG1	Bacteria;Terrabacteria group;Tenericutes	PG1	SAMEA3138208	PRJNA10616	GCA_000011445.1	Complete	1.2117	24	chromosome:NC_005364.2/BX293980.2		1	1017	2004-02-09T00:00:00Z	ftp://ftp.ncbi.nlm.nih.gov/genomes/all/GCA/000/011/445/GCA_000011445.1_ASM1144v1	ftp://ftp.ncbi.nlm.nih.gov/genomes/all/GCF/000/011/445/GCF_000011445.1_ASM1144v1
Aliivibrio fischeri ES114	Bacteria;Proteobacteria;Gammaproteobacteria	ES114	SAMN02604303	PRJNA12986	GCA_000011805.1	Complete	4.27372	38.371	chromosome I:NC_006840.2/CP000020.2; chromosome II:NC_006841.2/CP000021.2; plasmid pES100:NC_006842.1/CP000022.1		3	3814	2005-02-11T00:00:00Z	ftp://ftp.ncbi.nlm.nih.gov/genomes/all/GCA/000/011/805/GCA_000011805.1_ASM1180v1	ftp://ftp.ncbi.nlm.nih.gov/genomes/all/GCF/000/011/805/GCF_000011805.1_ASM1180v1
Clostridium botulinum A str. Hall	Bacteria;Terrabacteria group;Firmicutes	Hall	SAMN02603534	PRJNA19521	GCA_000017045.1	Complete	3.76056	28.2	chromosome:NC_009698.1/CP000727.1		1	3332	2007-07-20T00:00:00Z	ftp://ftp.ncbi.nlm.nih.gov/genomes/all/GCA/000/017/045/GCA_000017045.1_ASM1704v1	ftp://ftp.ncbi.nlm.nih.gov/genomes/all/GCF/000/017/045/GCF_000017045.1_ASM1704v1
Rickettsia prowazekii str. Madrid E	Bacteria;Proteobacteria;Alphaproteobacteria	Madrid E	SAMEA3138318	PRJNA43	GCA_000195735.1	Complete	1.11152	29	chromosome:NC_000963.1/AJ235269.1		1	843	2001-09-10T00:00:00Z	ftp://ftp.ncbi.nlm.nih.gov/genomes/all/GCA/000/195/735/GCA_000195735.1_ASM19573v1	ftp://ftp.ncbi.nlm.nih.gov/genomes/all/GCF/000/195/735/GCF_000195735.1_ASM19573v1
Borreliella burgdorferi B31	Bacteria;Spirochaetes;Spirochaetia	B31	SAMN02603966	PRJNA3	GCA_000008685.2	Complete	1.52121	28.1805	chromosome:NC_001318.1/AE000783.1; plasmid cp26:NC_001903.1/AE000792.1; plasmid cp32-1:NC_000948.1/AE001575.1; plasmid cp32-3:NC_000949.1/AE001576.1; plasmid cp32-4:NC_000950.1/AE001577.1; plasmid cp32-6:NC_000951.1/AE001578.1; plasmid cp32-7:NC_000952.1/AE001579.1; plasmid cp32-8:NC_000953.1/AE001580.1; plasmid cp32-9:NC_000954.1/AE001581.1; plasmid cp9:NC_001904.1/AE000791.1; plasmid lp17:NC_001849.2/AE000793.2; plasmid lp21:NC_000955.2/AE001582.2; plasmid lp25:NC_001850.1/AE000785.1; plasmid lp28-1:NC_001851.2/AE000794.2; plasmid lp28-2:NC_001852.1/AE000786.1; plasmid lp28-3:NC_001853.1/AE000784.1; plasmid lp28-4:NC_001854.1/AE000789.1; plasmid lp36:NC_001855.1/AE000788.1; plasmid lp38:NC_001856.1/AE000787.1; plasmid lp5:NC_000957.1/AE001583.1; plasmid lp54:NC_001857.2/AE000790.2; plasmid lp56:NC_000956.1/AE001584.1		22	1391	1997-12-17T00:00:00Z	ftp://ftp.ncbi.nlm.nih.gov/genomes/all/GCA/000/008/685/GCA_000008685.2_ASM868v2	ftp://ftp.ncbi.nlm.nih.gov/genomes/all/GCF/000/008/685/GCF_000008685.2_ASM868v2
Enterococcus faecalis V583	Bacteria;Terrabacteria group;Firmicutes	V583	SAMN02603978	PRJNA70	GCA_000007785.1	Complete	3.35997	37.3546	chromosome:NC_004668.1/AE016830.1; plasmid pTEF1:NC_004669.1/AE016833.1; plasmid pTEF2:NC_004671.1/AE016831.1; plasmid pTEF3:NC_004670.1/AE016832.1		4	3264	2003-03-28T00:00:00Z	ftp://ftp.ncbi.nlm.nih.gov/genomes/all/GCA/000/007/785/GCA_000007785.1_ASM778v1	ftp://ftp.ncbi.nlm.nih.gov/genomes/all/GCF/000/007/785/GCF_000007785.1_ASM778v1
Klebsiella pneumoniae subsp. pneumoniae HS11286	Bacteria;Proteobacteria;Gammaproteobacteria	HS11286	SAMN02602959	PRJNA78789	GCA_000240185.2	Complete	5.68232	57.1373	chromosome:NC_016845.1/CP003200.1; plasmid pKPHS1:NC_016838.1/CP003223.1; plasmid pKPHS2:NC_016846.1/CP003224.1; plasmid pKPHS3:NC_016839.1/CP003225.1; plasmid pKPHS4:NC_016840.1/CP003226.1; plasmid pKPHS5:NC_016847.1/CP003227.1; plasmid pKPHS6:NC_016841.1/CP003228.1		7	5779	2011-12-21T00:00:00Z	ftp://ftp.ncbi.nlm.nih.gov/genomes/all/GCA/000/240/185/GCA_000240185.2_ASM24018v2	ftp://ftp.ncbi.nlm.nih.gov/genomes/all/GCF/000/240/185/GCF_000240185.1_ASM24018v2
Streptococcus mutans UA159	Bacteria;Terrabacteria group;Firmicutes	UA159	SAMN02604090	PRJNA333	GCA_000007465.2	Complete	2.03293	36.8	chromosome:NC_004350.2/AE014133.2		1	1958	2002-10-25T00:00:00Z	ftp://ftp.ncbi.nlm.nih.gov/genomes/all/GCA/000/007/465/GCA_000007465.2_ASM746v2	ftp://ftp.ncbi.nlm.nih.gov/genomes/all/GCF/000/007/465/GCF_000007465.2_ASM746v2
Neisseria gonorrhoeae FA 1090	Bacteria;Proteobacteria;Betaproteobacteria	FA 1090	SAMN02604088	PRJNA23	GCA_000006845.1	Complete	2.15392	52.7	chromosome:NC_002946.2/AE004969.1		1	1886	2000-09-28T00:00:00Z	ftp://ftp.ncbi.nlm.nih.gov/genomes/all/GCA/000/006/845/GCA_000006845.1_ASM684v1	ftp://ftp.ncbi.nlm.nih.gov/genomes/all/GCF/000/006/845/GCF_000006845.1_ASM684v1
Enterococcus faecium DO	Bacteria;Terrabacteria group;Firmicutes	DO	SAMN00002237	PRJNA30627	GCA_000174395.2	Complete	3.05257	37.9158	chromosome:NC_017960.1/CP003583.1; plasmid 1:NC_017961.1/CP003584.1; plasmid 2:NC_017962.1/CP003585.1; plasmid 3:NC_017963.1/CP003586.1		4	3114	2012-05-25T00:00:00Z	ftp://ftp.ncbi.nlm.nih.gov/genomes/all/GCA/000/174/395/GCA_000174395.2_ASM17439v2	ftp://ftp.ncbi.nlm.nih.gov/genomes/all/GCF/000/174/395/GCF_000174395.2_ASM17439v2
Bifidobacterium bifidum PRL2010	Bacteria;Terrabacteria group;Actinobacteria	PRL2010	SAMN02603510	PRJNA42863	GCA_000165905.1	Complete	2.21466	62.7	chromosome:NC_014638.1/CP001840.1		1	1706	2010-11-02T00:00:00Z	ftp://ftp.ncbi.nlm.nih.gov/genomes/all/GCA/000/165/905/GCA_000165905.1_ASM16590v1	ftp://ftp.ncbi.nlm.nih.gov/genomes/all/GCF/000/165/905/GCF_000165905.1_ASM16590v1
Mycobacterium leprae TN	Bacteria;Terrabacteria group;Actinobacteria	TN	SAMEA1705921	PRJNA90	GCA_000195855.1	Complete	3.2682	57.8	chromosome:NC_002677.1/AL450380.1		1	1605	2001-10-02T00:00:00Z	ftp://ftp.ncbi.nlm.nih.gov/genomes/all/GCA/000/195/855/GCA_000195855.1_ASM19585v1	ftp://ftp.ncbi.nlm.nih.gov/genomes/all/GCF/000/195/855/GCF_000195855.1_ASM19585v1
Caulobacter vibrioides CB15	Bacteria;Proteobacteria;Alphaproteobacteria	CB15	SAMN02604005	PRJNA298	GCA_000006905.1	Complete	4.01695	67.2	chromosome:NC_002696.2/AE005673.1		1	3737	2001-03-21T00:00:00Z	ftp://ftp.ncbi.nlm.nih.gov/genomes/all/GCA/000/006/905/GCA_000006905.1_ASM690v1	ftp://ftp.ncbi.nlm.nih.gov/genomes/all/GCF/000/006/905/GCF_000006905.1_ASM690v1
Treponema denticola ATCC 35405	Bacteria;Spirochaetes;Spirochaetia	ATCC 35405	SAMN02603967	PRJNA4	GCA_000008185.1	Complete	2.8432	37.9	chromosome:NC_002967.9/AE017226.1		1	2767	2002-02-14T00:00:00Z	ftp://ftp.ncbi.nlm.nih.gov/genomes/all/GCA/000/008/185/GCA_000008185.1_ASM818v1	ftp://ftp.ncbi.nlm.nih.gov/genomes/all/GCF/000/008/185/GCF_000008185.1_ASM818v1
Sinorhizobium meliloti 1021	Bacteria;Proteobacteria;Alphaproteobacteria	1021	SAMEA3283068	PRJNA19	GCA_000006965.1	Complete	6.69169	62.1591	chromosome:NC_003047.1/AL591688.1; plasmid pSymA:NC_003037.1/AE006469.1; plasmid pSymB:NC_003078.1/AL591985.1		3	6218	2001-10-05T00:00:00Z	ftp://ftp.ncbi.nlm.nih.gov/genomes/all/GCA/000/006/965/GCA_000006965.1_ASM696v1	ftp://ftp.ncbi.nlm.nih.gov/genomes/all/GCF/000/006/965/GCF_000006965.1_ASM696v1
Bordetella bronchiseptica 253	Bacteria;Proteobacteria;Betaproteobacteria	253	SAMEA2272388	PRJEB138	GCA_000318015.1	Complete	5.26438	68.1	chromosome:NC_019382.1/HE965806.1		1	4781	2012-10-11T00:00:00Z	ftp://ftp.ncbi.nlm.nih.gov/genomes/all/GCA/000/318/015/GCA_000318015.1_ASM31801v1	ftp://ftp.ncbi.nlm.nih.gov/genomes/all/GCF/000/318/015/GCF_000318015.1_ASM31801v1
Bordetella parapertussis Bpp5	Bacteria;Proteobacteria;Betaproteobacteria	Bpp5	SAMEA2272448	PRJEB143	GCA_000317935.1	Complete	4.89957	67.7798	chromosome:NC_018828.1/HE965803.1; plasmid BPP5P1:NC_018830.1/HE965804.1		2	4184	2012-10-08T00:00:00Z	ftp://ftp.ncbi.nlm.nih.gov/genomes/all/GCA/000/317/935/GCA_000317935.1_ASM31793v1	ftp://ftp.ncbi.nlm.nih.gov/genomes/all/GCF/000/317/935/GCF_000317935.1_ASM31793v1
Bordetella pertussis Tohama I	Bacteria;Proteobacteria;Betaproteobacteria	Tohama I	SAMEA1705933	PRJNA26	GCA_000195715.1	Complete	4.08619	67.7	chromosome:NC_002929.2/BX470248.1		1	3425	2001-11-06T00:00:00Z	ftp://ftp.ncbi.nlm.nih.gov/genomes/all/GCA/000/195/715/GCA_000195715.1_ASM19571v1	ftp://ftp.ncbi.nlm.nih.gov/genomes/all/GCF/000/195/715/GCF_000195715.1_ASM19571v1
Rhodospirillum rubrum ATCC 11170	Bacteria;Proteobacteria;Alphaproteobacteria	ATCC 11170	SAMN02598538	PRJNA58	GCA_000013085.1	Complete	4.40656	65.3317	chromosome:NC_007643.1/CP000230.1; plasmid unnamed:NC_007641.1/CP000231.1		2	3837	2005-12-12T00:00:00Z	ftp://ftp.ncbi.nlm.nih.gov/genomes/all/GCA/000/013/085/GCA_000013085.1_ASM1308v1	ftp://ftp.ncbi.nlm.nih.gov/genomes/all/GCF/000/013/085/GCF_000013085.1_ASM1308v1
Chloroflexus aurantiacus J-10-fl	Bacteria;Terrabacteria group;Chloroflexi	J-10-fl	SAMN02598539	PRJNA59	GCA_000018865.1	Complete	5.25854	56.7	chromosome:NC_010175.1/CP000909.1		1	3853	2007-12-20T00:00:00Z	ftp://ftp.ncbi.nlm.nih.gov/genomes/all/GCA/000/018/865/GCA_000018865.1_ASM1886v1	ftp://ftp.ncbi.nlm.nih.gov/genomes/all/GCF/000/018/865/GCF_000018865.1_ASM1886v1
Deinococcus radiodurans R1	Bacteria;Terrabacteria group;Deinococcus-Thermus	R1	SAMN02603976	PRJNA65	GCA_000008565.1	Complete	3.28416	66.6067	chromosome 1:NC_001263.1/AE000513.1; chromosome 2:NC_001264.1/AE001825.1; plasmid CP1:NC_000959.1/AE001827.1; plasmid MP1:NC_000958.1/AE001826.1		4	3167	1999-11-02T00:00:00Z	ftp://ftp.ncbi.nlm.nih.gov/genomes/all/GCA/000/008/565/GCA_000008565.1_ASM856v1	ftp://ftp.ncbi.nlm.nih.gov/genomes/all/GCF/000/008/565/GCF_000008565.1_ASM856v1
Clostridium acetobutylicum ATCC 824	Bacteria;Terrabacteria group;Firmicutes	ATCC 824	SAMN02603243	PRJNA77	GCA_000008765.1	Complete	4.13288	30.9	chromosome:NC_003030.1/AE001437.1; plasmid pSOL1:NC_001988.2/AE001438.3		2	3778	2001-10-03T00:00:00Z	ftp://ftp.ncbi.nlm.nih.gov/genomes/all/GCA/000/008/765/GCA_000008765.1_ASM876v1	ftp://ftp.ncbi.nlm.nih.gov/genomes/all/GCF/000/008/765/GCF_000008765.1_ASM876v1
Mycolicibacterium smegmatis MC2 155	Bacteria;Terrabacteria group;Actinobacteria	MC2 155	SAMN02603982	PRJNA92	GCA_000015005.1	Complete	6.98821	67.4	chromosome:NC_008596.1/CP000480.1		1	6717	2006-11-20T00:00:00Z	ftp://ftp.ncbi.nlm.nih.gov/genomes/all/GCA/000/015/005/GCA_000015005.1_ASM1500v1	ftp://ftp.ncbi.nlm.nih.gov/genomes/all/GCF/000/015/005/GCF_000015005.1_ASM1500v1
Mycoplasma pneumoniae M129	Bacteria;Terrabacteria group;Tenericutes	M129; ATCC 29342	SAMN02603304	PRJNA99	GCA_000027345.1	Complete	0.816394	40	chromosome:NC_000912.1/U00089.2		1	691	1996-11-15T00:00:00Z	ftp://ftp.ncbi.nlm.nih.gov/genomes/all/GCA/000/027/345/GCA_000027345.1_ASM2734v1	ftp://ftp.ncbi.nlm.nih.gov/genomes/all/GCF/000/027/345/GCF_000027345.1_ASM2734v1
Thermotoga maritima MSB8	Bacteria;Thermotogae;Thermotogae	MSB8	SAMN02603986	PRJNA111	GCA_000008545.1	Complete	1.86072	46.2	chromosome:NC_000853.1/AE000512.1		1	1858	1999-06-01T00:00:00Z	ftp://ftp.ncbi.nlm.nih.gov/genomes/all/GCA/000/008/545/GCA_000008545.1_ASM854v1	ftp://ftp.ncbi.nlm.nih.gov/genomes/all/GCF/000/008/545/GCF_000008545.1_ASM854v1
Yersinia enterocolitica subsp. enterocolitica 8081	Bacteria;Proteobacteria;Gammaproteobacteria	8081	SAMEA1705958	PRJNA190	GCA_000009345.1	Complete	4.68362	47.2508	chromosome:NC_008800.1/AM286415.1; plasmid pYVe8081:NC_008791.1/AM286416.1		2	4023	2006-12-20T00:00:00Z	ftp://ftp.ncbi.nlm.nih.gov/genomes/all/GCA/000/009/345/GCA_000009345.1_ASM934v1	ftp://ftp.ncbi.nlm.nih.gov/genomes/all/GCF/000/009/345/GCF_000009345.1_ASM934v1
Geobacter sulfurreducens PCA	Bacteria;Proteobacteria;delta/epsilon subdivisions	PCA	SAMN02603989	PRJNA192	GCA_000007985.2	Complete	3.81413	60.9	chromosome:NC_002939.5/AE017180.2		1	3430	2002-02-14T00:00:00Z	ftp://ftp.ncbi.nlm.nih.gov/genomes/all/GCA/000/007/985/GCA_000007985.2_ASM798v2	ftp://ftp.ncbi.nlm.nih.gov/genomes/all/GCF/000/007/985/GCF_000007985.2_ASM798v2
Aquifex aeolicus VF5	Bacteria;Aquificae;Aquificae	VF5	SAMN02603207	PRJNA215	GCA_000008625.1	Complete	1.59079	43.3239	chromosome:NC_000918.1/AE000657.1; plasmid ece1:NC_001880.1/AE000667.1		2	1526	1997-07-25T00:00:00Z	ftp://ftp.ncbi.nlm.nih.gov/genomes/all/GCA/000/008/625/GCA_000008625.1_ASM862v1	ftp://ftp.ncbi.nlm.nih.gov/genomes/all/GCF/000/008/625/GCF_000008625.1_ASM862v1
Streptomyces coelicolor A3(2)	Bacteria;Terrabacteria group;Actinobacteria	A3(2)	SAMEA1705940	PRJNA242	GCA_000203835.1	Complete	9.05485	71.982	chromosome:NC_003888.3/AL645882.2; plasmid SCP1:NC_003903.1/AL589148.1; plasmid SCP2:NC_003904.1/AL645771.1		3	8152	2002-05-28T00:00:00Z	ftp://ftp.ncbi.nlm.nih.gov/genomes/all/GCA/000/203/835/GCA_000203835.1_ASM20383v1	ftp://ftp.ncbi.nlm.nih.gov/genomes/all/GCF/000/203/835/GCF_000203835.1_ASM20383v1
Thermosynechococcus elongatus BP-1	Bacteria;Terrabacteria group;Cyanobacteria/Melainabacteria group	BP-1	SAMD00061106	PRJNA308	GCA_000011345.1	Complete	2.59386	53.9	chromosome:NC_004113.1/BA000039.2		1	2476	2002-08-17T00:00:00Z	ftp://ftp.ncbi.nlm.nih.gov/genomes/all/GCA/000/011/345/GCA_000011345.1_ASM1134v1	ftp://ftp.ncbi.nlm.nih.gov/genomes/all/GCF/000/011/345/GCF_000011345.1_ASM1134v1
Chlorobaculum tepidum TLS	Bacteria;FCB group;Bacteroidetes/Chlorobi group	TLS	SAMN02604006	PRJNA302	GCA_000006985.1	Complete	2.15495	56.5	chromosome:NC_002932.3/AE006470.1		1	2245	2002-04-30T00:00:00Z	ftp://ftp.ncbi.nlm.nih.gov/genomes/all/GCA/000/006/985/GCA_000006985.1_ASM698v1	ftp://ftp.ncbi.nlm.nih.gov/genomes/all/GCF/000/006/985/GCF_000006985.1_ASM698v1
Shewanella oneidensis MR-1	Bacteria;Proteobacteria;Gammaproteobacteria	MR-1	SAMN02604014	PRJNA335	GCA_000146165.2	Complete	5.13142	45.9276	chromosome:NC_004347.2/AE014299.2; plasmid megaplasmid:NC_004349.1/AE014300.1		2	4214	2002-09-12T00:00:00Z	ftp://ftp.ncbi.nlm.nih.gov/genomes/all/GCA/000/146/165/GCA_000146165.2_ASM14616v2	ftp://ftp.ncbi.nlm.nih.gov/genomes/all/GCF/000/146/165/GCF_000146165.2_ASM14616v2
Bacteroides thetaiotaomicron VPI-5482	Bacteria;FCB group;Bacteroidetes/Chlorobi group	VPI-5482	SAMN02604314	PRJNA399	GCA_000011065.1	Complete	6.2934	42.8231	chromosome:NC_004663.1/AE015928.1; plasmid p5482:NC_004703.1/AY171301.1		2	4816	2003-03-28T00:00:00Z	ftp://ftp.ncbi.nlm.nih.gov/genomes/all/GCA/000/011/065/GCA_000011065.1_ASM1106v1	ftp://ftp.ncbi.nlm.nih.gov/genomes/all/GCF/000/011/065/GCF_000011065.1_ASM1106v1
Rhodopirellula baltica SH 1	Bacteria;PVC group;Planctomycetes	1	SAMEA3138332	PRJNA413	GCA_000196115.1	Complete	7.14558	55.4	chromosome:NC_005027.1/BX119912.1		1	7325	2003-07-02T00:00:00Z	ftp://ftp.ncbi.nlm.nih.gov/genomes/all/GCA/000/196/115/GCA_000196115.1_ASM19611v1	ftp://ftp.ncbi.nlm.nih.gov/genomes/all/GCF/000/196/115/GCF_000196115.1_ASM19611v1
Lactobacillus acidophilus NCFM	Bacteria;Terrabacteria group;Firmicutes	NCFM	SAMN02603047	PRJNA82	GCA_000011985.1	Complete	1.99356	34.7	chromosome:NC_006814.3/CP000033.3		1	1832	2005-01-27T00:00:00Z	ftp://ftp.ncbi.nlm.nih.gov/genomes/all/GCA/000/011/985/GCA_000011985.1_ASM1198v1	ftp://ftp.ncbi.nlm.nih.gov/genomes/all/GCF/000/011/985/GCF_000011985.1_ASM1198v1
Lactobacillus plantarum WCFS1	Bacteria;Terrabacteria group;Firmicutes	WCFS1	SAMEA3138345	PRJNA356	GCA_000203855.3	Complete	3.34862	44.4501	chromosome:NC_004567.2/AL935263.2; plasmid pWCFS101:NC_006375.1/CR377164.1; plasmid pWCFS102:NC_006376.1/CR377165.1; plasmid pWCFS103:NC_006377.1/CR377166.1		4	3063	2003-02-07T00:00:00Z	ftp://ftp.ncbi.nlm.nih.gov/genomes/all/GCA/000/203/855/GCA_000203855.3_ASM20385v3	ftp://ftp.ncbi.nlm.nih.gov/genomes/all/GCF/000/203/855/GCF_000203855.3_ASM20385v3
Gloeobacter violaceus PCC 7421	Bacteria;Terrabacteria group;Cyanobacteria/Melainabacteria group	PCC 7421	SAMD00061120	PRJNA9606	GCA_000011385.1	Complete	4.65902	62	chromosome:NC_005125.1/BA000045.2		1	4430	2003-09-25T00:00:00Z	ftp://ftp.ncbi.nlm.nih.gov/genomes/all/GCA/000/011/385/GCA_000011385.1_ASM1138v1	ftp://ftp.ncbi.nlm.nih.gov/genomes/all/GCF/000/011/385/GCF_000011385.1_ASM1138v1
Moorella thermoacetica ATCC 39073	Bacteria;Terrabacteria group;Firmicutes	ATCC 39073	SAMN02598257	PRJNA10648	GCA_000013105.1	Complete	2.62878	55.8	chromosome:NC_007644.1/CP000232.1		1	2460	2005-12-12T00:00:00Z	ftp://ftp.ncbi.nlm.nih.gov/genomes/all/GCA/000/013/105/GCA_000013105.1_ASM1310v1	ftp://ftp.ncbi.nlm.nih.gov/genomes/all/GCF/000/013/105/GCF_000013105.1_ASM1310v1
Mesoplasma florum L1	Bacteria;Terrabacteria group;Tenericutes	L1; ATCC 33453	SAMN03081416	PRJNA10650	GCA_000008305.1	Complete	0.793224	27	chromosome:NC_006055.1/AE017263.1		1	680	2004-07-19T00:00:00Z	ftp://ftp.ncbi.nlm.nih.gov/genomes/all/GCA/000/008/305/GCA_000008305.1_ASM830v1	ftp://ftp.ncbi.nlm.nih.gov/genomes/all/GCF/000/008/305/GCF_000008305.1_ASM830v1
Lactobacillus salivarius UCC118	Bacteria;Terrabacteria group;Firmicutes	UCC118	SAMN02604111	PRJNA13280	GCA_000008925.1	Complete	2.13398	33.0066	chromosome:NC_007929.1/CP000233.1; plasmid pMP118:NC_007930.1/CP000234.1; plasmid pSF118-20:NC_006529.1/AF488831.1; plasmid pSF118-44:NC_006530.1/AF488832.1		4	2013	2006-03-30T00:00:00Z	ftp://ftp.ncbi.nlm.nih.gov/genomes/all/GCA/000/008/925/GCA_000008925.1_ASM892v1	ftp://ftp.ncbi.nlm.nih.gov/genomes/all/GCF/000/008/925/GCF_000008925.1_ASM892v1
Enterobacter cloacae subsp. cloacae ATCC 13047	Bacteria;Proteobacteria;Gammaproteobacteria	ATCC 13047	SAMN02603901	PRJNA45793	GCA_000025565.1	Complete	5.5988	54.5971	chromosome:NC_014121.1/CP001918.1; plasmid pECL_A:NC_014107.1/CP001919.1; plasmid pECL_B:NC_014108.1/CP001920.1		3	5518	2010-04-23T00:00:00Z	ftp://ftp.ncbi.nlm.nih.gov/genomes/all/GCA/000/025/565/GCA_000025565.1_ASM2556v1	ftp://ftp.ncbi.nlm.nih.gov/genomes/all/GCF/000/025/565/GCF_000025565.1_ASM2556v1
Streptococcus sanguinis SK36	Bacteria;Terrabacteria group;Firmicutes	SK36	SAMN02604299	PRJNA13942	GCA_000014205.1	Complete	2.38843	43.4	chromosome:NC_009009.1/CP000387.1		1	2270	2007-02-09T00:00:00Z	ftp://ftp.ncbi.nlm.nih.gov/genomes/all/GCA/000/014/205/GCA_000014205.1_ASM1420v1	ftp://ftp.ncbi.nlm.nih.gov/genomes/all/GCF/000/014/205/GCF_000014205.1_ASM1420v1
Mycobacteroides abscessus ATCC 19977	Bacteria;Terrabacteria group;Actinobacteria		SAMEA3138276	PRJNA15691	GCA_000069185.1	Complete	5.09049	64.1174	chromosome Chromosome:NC_010397.1/CU458896.1; plasmid pMAB23:NC_010394.1/CU458745.1		2	4942	2008-03-01T00:00:00Z	ftp://ftp.ncbi.nlm.nih.gov/genomes/all/GCA/000/069/185/GCA_000069185.1_ASM6918v1	ftp://ftp.ncbi.nlm.nih.gov/genomes/all/GCF/000/069/185/GCF_000069185.1_ASM6918v1
Salinibacter ruber DSM 13855	Bacteria;FCB group;Bacteroidetes/Chlorobi group	DSM 13855; M31	SAMN02604045	PRJNA16159	GCA_000013045.1	Complete	3.58733	66.1179	chromosome:NC_007677.1/CP000159.1; plasmid pSR35:NC_007678.1/CP000160.1		2	2833	2005-12-20T00:00:00Z	ftp://ftp.ncbi.nlm.nih.gov/genomes/all/GCA/000/013/045/GCA_000013045.1_ASM1304v1	ftp://ftp.ncbi.nlm.nih.gov/genomes/all/GCF/000/013/045/GCF_000013045.1_ASM1304v1
Sinorhizobium medicae WSM419	Bacteria;Proteobacteria;Alphaproteobacteria	WSM419	SAMN02598363	PRJNA16304	GCA_000017145.1	Complete	6.81758	61.1627	chromosome:NC_009636.1/CP000738.1; plasmid pSMED01:NC_009620.1/CP000739.1; plasmid pSMED02:NC_009621.1/CP000740.1; plasmid pSMED03:NC_009622.1/CP000741.1		4	6213	2007-06-29T00:00:00Z	ftp://ftp.ncbi.nlm.nih.gov/genomes/all/GCA/000/017/145/GCA_000017145.1_ASM1714v1	ftp://ftp.ncbi.nlm.nih.gov/genomes/all/GCF/000/017/145/GCF_000017145.1_ASM1714v1
Aeromonas hydrophila subsp. hydrophila ATCC 7966	Bacteria;Proteobacteria;Gammaproteobacteria	ATCC 7966	SAMN02604052	PRJNA16697	GCA_000014805.1	Complete	4.74445	61.5	chromosome:NC_008570.1/CP000462.1		1	4118	2006-11-06T00:00:00Z	ftp://ftp.ncbi.nlm.nih.gov/genomes/all/GCA/000/014/805/GCA_000014805.1_ASM1480v1	ftp://ftp.ncbi.nlm.nih.gov/genomes/all/GCF/000/014/805/GCF_000014805.1_ASM1480v1
Flavobacterium psychrophilum JIP02/86	Bacteria;FCB group;Bacteroidetes/Chlorobi group	JIP02/86	SAMEA3138269	PRJNA19979	GCA_000064305.2	Complete	2.86038	32.5	chromosome:NC_009613.3/AM398681.2		1	2446	2007-06-25T00:00:00Z	ftp://ftp.ncbi.nlm.nih.gov/genomes/all/GCA/000/064/305/GCA_000064305.2_ASM6430v2	ftp://ftp.ncbi.nlm.nih.gov/genomes/all/GCF/000/064/305/GCF_000064305.2_ASM6430v2
Dictyoglomus turgidum DSM 6724	Bacteria;Dictyoglomi;Dictyoglomia	DSM 6724	SAMN00002661	PRJNA29175	GCA_000021645.1	Complete	1.85556	34	chromosome:NC_011661.1/CP001251.1		1	1742	2008-12-12T00:00:00Z	ftp://ftp.ncbi.nlm.nih.gov/genomes/all/GCA/000/021/645/GCA_000021645.1_ASM2164v1	ftp://ftp.ncbi.nlm.nih.gov/genomes/all/GCF/000/021/645/GCF_000021645.1_ASM2164v1
Thermodesulfovibrio yellowstonii DSM 11347	Bacteria;Nitrospirae;Nitrospira	DSM 11347	SAMN02603929	PRJNA30733	GCA_000020985.1	Complete	2.0038	34.1	chromosome:NC_011296.1/CP001147.1		1	2028	2008-09-26T00:00:00Z	ftp://ftp.ncbi.nlm.nih.gov/genomes/all/GCA/000/020/985/GCA_000020985.1_ASM2098v1	ftp://ftp.ncbi.nlm.nih.gov/genomes/all/GCF/000/020/985/GCF_000020985.1_ASM2098v1
Lactobacillus paracasei ATCC 334	Bacteria;Terrabacteria group;Firmicutes	ATCC 334	SAMN02598528	PRJNA402	GCA_000014525.1	Complete	2.92433	46.5563	chromosome:NC_008526.1/CP000423.1; plasmid 1:NC_008502.1/CP000424.1		2	2764	2006-10-13T00:00:00Z	ftp://ftp.ncbi.nlm.nih.gov/genomes/all/GCA/000/014/525/GCA_000014525.1_ASM1452v1	ftp://ftp.ncbi.nlm.nih.gov/genomes/all/GCF/000/014/525/GCF_000014525.1_ASM1452v1
Pseudomonas syringae pv. tomato str. DC3000	Bacteria;Proteobacteria;Gammaproteobacteria	DC3000	SAMN02604017	PRJNA359	GCA_000007805.1	Complete	6.53826	58.3401	chromosome:NC_004578.1/AE016853.1; plasmid pDC3000A:NC_004633.1/AE016855.1; plasmid pDC3000B:NC_004632.1/AE016854.1		3	5619	2003-03-05T00:00:00Z	ftp://ftp.ncbi.nlm.nih.gov/genomes/all/GCA/000/007/805/GCA_000007805.1_ASM780v1	ftp://ftp.ncbi.nlm.nih.gov/genomes/all/GCF/000/007/805/GCF_000007805.1_ASM780v1
Acinetobacter pittii PHEA-2	Bacteria;Proteobacteria;Gammaproteobacteria	PHEA-2	SAMN02603040	PRJNA51267	GCA_000191145.1	Complete	3.86253	38.8	chromosome:NC_016603.1/CP002177.1		1	3599	2011-03-03T00:00:00Z	ftp://ftp.ncbi.nlm.nih.gov/genomes/all/GCA/000/191/145/GCA_000191145.1_ASM19114v1	ftp://ftp.ncbi.nlm.nih.gov/genomes/all/GCF/000/191/145/GCF_000191145.1_ASM19114v1
Amycolatopsis mediterranei U32	Bacteria;Terrabacteria group;Actinobacteria	U32	SAMN02603409	PRJNA46889	GCA_000196835.1	Complete	10.2367	71.3	chromosome:NC_014318.1/CP002000.1		1	9228	2010-06-29T00:00:00Z	ftp://ftp.ncbi.nlm.nih.gov/genomes/all/GCA/000/196/835/GCA_000196835.1_ASM19683v1	ftp://ftp.ncbi.nlm.nih.gov/genomes/all/GCF/000/196/835/GCF_000196835.1_ASM19683v1
Ketogulonicigenium vulgare WSH-001	Bacteria;Proteobacteria;Alphaproteobacteria	WSH-001	SAMN02603460	PRJNA48079	GCA_000223375.1	Complete	3.2771	61.7339	chromosome:NC_017384.1/CP002018.1; plasmid 1:NC_017386.1/CP002019.1; plasmid 2:NC_017385.1/CP002020.1		3	3054	2011-08-12T00:00:00Z	ftp://ftp.ncbi.nlm.nih.gov/genomes/all/GCA/000/223/375/GCA_000223375.1_ASM22337v1	ftp://ftp.ncbi.nlm.nih.gov/genomes/all/GCF/000/223/375/GCF_000223375.1_ASM22337v1
Sinorhizobium fredii NGR234	Bacteria;Proteobacteria;Alphaproteobacteria	NGR234	SAMN02603283	PRJNA21101	GCA_000018545.1	Complete	6.8919	62.4031	chromosome:NC_012587.1/CP001389.1; plasmid pNGR234a:NC_000914.2/U00090.2; plasmid pNGR234b:NC_012586.1/CP000874.1		3	6362	2009-04-22T00:00:00Z	ftp://ftp.ncbi.nlm.nih.gov/genomes/all/GCA/000/018/545/GCA_000018545.1_ASM1854v1	ftp://ftp.ncbi.nlm.nih.gov/genomes/all/GCF/000/018/545/GCF_000018545.1_ASM1854v1
Thermanaerovibrio acidaminovorans DSM 6589	Bacteria;Synergistetes;Synergistia	DSM 6589	SAMN00002595	PRJNA29531	GCA_000024905.1	Complete	1.84847	63.8	chromosome:NC_013522.1/CP001818.1		1	1730	2009-11-19T00:00:00Z	ftp://ftp.ncbi.nlm.nih.gov/genomes/all/GCA/000/024/905/GCA_000024905.1_ASM2490v1	ftp://ftp.ncbi.nlm.nih.gov/genomes/all/GCF/000/024/905/GCF_000024905.1_ASM2490v1
Brachybacterium faecium DSM 4810	Bacteria;Terrabacteria group;Actinobacteria	DSM 4810	SAMN00002685	PRJNA17026	GCA_000023405.1	Complete	3.61499	72	chromosome:NC_013172.1/CP001643.1		1	3068	2009-08-25T00:00:00Z	ftp://ftp.ncbi.nlm.nih.gov/genomes/all/GCA/000/023/405/GCA_000023405.1_ASM2340v1	ftp://ftp.ncbi.nlm.nih.gov/genomes/all/GCF/000/023/405/GCF_000023405.1_ASM2340v1
Klebsiella aerogenes KCTC 2190	Bacteria;Proteobacteria;Gammaproteobacteria	KCTC 2190	SAMN02603581	PRJNA66537	GCA_000215745.1	Complete	5.28035	54.8	chromosome:NC_015663.1/CP002824.1		1	4912	2011-06-03T00:00:00Z	ftp://ftp.ncbi.nlm.nih.gov/genomes/all/GCA/000/215/745/GCA_000215745.1_ASM21574v1	ftp://ftp.ncbi.nlm.nih.gov/genomes/all/GCF/000/215/745/GCF_000215745.1_ASM21574v1
Agrobacterium fabrum str. C58	Bacteria;Proteobacteria;Alphaproteobacteria	C58	SAMN02603108	PRJNA283	GCA_000092025.1	Complete	5.67426	59.0606	chromosome circular:NC_003062.2/AE007869.2; chromosome linear:NC_003063.2/AE007870.2; plasmid At:NC_003064.2/AE007872.2; plasmid Ti:NC_003065.3/AE007871.2		4	5355	2001-10-03T00:00:00Z	ftp://ftp.ncbi.nlm.nih.gov/genomes/all/GCA/000/092/025/GCA_000092025.1_ASM9202v1	ftp://ftp.ncbi.nlm.nih.gov/genomes/all/GCF/000/092/025/GCF_000092025.1_ASM9202v1
Bradyrhizobium diazoefficiens USDA 110	Bacteria;Proteobacteria;Alphaproteobacteria	USDA110	SAMD00061083	PRJNA17	GCA_000011365.1	Complete	9.10583	64.1	chromosome:NC_004463.1/BA000040.2		1	8317	2002-12-27T00:00:00Z	ftp://ftp.ncbi.nlm.nih.gov/genomes/all/GCA/000/011/365/GCA_000011365.1_ASM1136v1	ftp://ftp.ncbi.nlm.nih.gov/genomes/all/GCF/000/011/365/GCF_000011365.1_ASM1136v1
Mesorhizobium ciceri biovar biserrulae WSM1271	Bacteria;Proteobacteria;Alphaproteobacteria	WSM1271	SAMN00713576	PRJNA48991	GCA_000185905.1	Complete	6.69003	62.5728	chromosome:NC_014923.1/CP002447.1; plasmid pMESCI01:NC_014918.1/CP002448.1		2	6264	2011-01-07T00:00:00Z	ftp://ftp.ncbi.nlm.nih.gov/genomes/all/GCA/000/185/905/GCA_000185905.1_ASM18590v1	ftp://ftp.ncbi.nlm.nih.gov/genomes/all/GCF/000/185/905/GCF_000185905.1_ASM18590v1
Gardnerella vaginalis ATCC 14019	Bacteria;Terrabacteria group;Actinobacteria	ATCC 14019	SAMN00001462	PRJNA31473	GCA_000159155.2	Complete	1.66735	41.4	chromosome:NC_014644.1/CP002104.1		1	1365	2010-11-03T00:00:00Z	ftp://ftp.ncbi.nlm.nih.gov/genomes/all/GCA/000/159/155/GCA_000159155.2_ASM15915v2	ftp://ftp.ncbi.nlm.nih.gov/genomes/all/GCF/000/159/155/GCF_000159155.2_ASM15915v2
Caulobacter vibrioides NA1000	Bacteria;Proteobacteria;Alphaproteobacteria	NA1000	SAMN02604151	PRJNA32027	GCA_000022005.1	Complete	4.04293	67.2	chromosome:NC_011916.1/CP001340.1		1	3886	2009-01-16T00:00:00Z	ftp://ftp.ncbi.nlm.nih.gov/genomes/all/GCA/000/022/005/GCA_000022005.1_ASM2200v1	ftp://ftp.ncbi.nlm.nih.gov/genomes/all/GCF/000/022/005/GCF_000022005.1_ASM2200v1
Desulfovibrio vulgaris str. Hildenborough	Bacteria;Proteobacteria;delta/epsilon subdivisions	Hildenborough	SAMN02603973	PRJNA51	GCA_000195755.1	Complete	3.77316	63.2394	chromosome:NC_002937.3/AE017285.1; plasmid pDV:NC_005863.1/AE017286.1		2	3535	2001-10-03T00:00:00Z	ftp://ftp.ncbi.nlm.nih.gov/genomes/all/GCA/000/195/755/GCA_000195755.1_ASM19575v1	ftp://ftp.ncbi.nlm.nih.gov/genomes/all/GCF/000/195/755/GCF_000195755.1_ASM19575v1
Rhodobacter sphaeroides 2.4.1	Bacteria;Proteobacteria;Alphaproteobacteria		SAMN02598537	PRJNA56	GCA_000012905.2	 Chromosome	4.60298	68.7841	chromosome 1:NC_007493.2/CP000143.2; chromosome 2:NC_007494.2/CP000144.2; plasmid A:NC_009007.1/DQ232586.1; plasmid B:NC_007488.2/CP000145.2; plasmid C:NC_007489.1/CP000146.1; plasmid D:NC_007490.2/CP000147.2; plasmid E:NC_009008.1/DQ232587.1		7	4280	2005-10-07T00:00:00Z	ftp://ftp.ncbi.nlm.nih.gov/genomes/all/GCA/000/012/905/GCA_000012905.2_ASM1290v2	ftp://ftp.ncbi.nlm.nih.gov/genomes/all/GCF/000/012/905/GCF_000012905.2_ASM1290v2
Chlamydia trachomatis 434/Bu	Bacteria;PVC group;Chlamydiae	434/Bu	SAMEA1705923	PRJNA28583	GCA_000068585.1	Complete	1.03884	41.3	chromosome:NC_010287.1/AM884176.1		1	880	2008-01-15T00:00:00Z	ftp://ftp.ncbi.nlm.nih.gov/genomes/all/GCA/000/068/585/GCA_000068585.1_ASM6858v1	ftp://ftp.ncbi.nlm.nih.gov/genomes/all/GCF/000/068/585/GCF_000068585.1_ASM6858v1
Bacillus anthracis str. Sterne	Bacteria;Terrabacteria group;Firmicutes	Sterne	SAMN02598266	PRJNA10878	GCA_000008165.1	Complete	5.22866	35.4	chromosome:NC_005945.1/AE017225.1		1	4952	2004-06-24T00:00:00Z	ftp://ftp.ncbi.nlm.nih.gov/genomes/all/GCA/000/008/165/GCA_000008165.1_ASM816v1	ftp://ftp.ncbi.nlm.nih.gov/genomes/all/GCF/000/008/165/GCF_000008165.1_ASM816v1
Pseudomonas putida KT2440	Bacteria;Proteobacteria;Gammaproteobacteria	KT2440	SAMN02603999	PRJNA267	GCA_000007565.2	Complete	6.18187	61.5	chromosome:NC_002947.4/AE015451.2		1	5564	2002-02-14T00:00:00Z	ftp://ftp.ncbi.nlm.nih.gov/genomes/all/GCA/000/007/565/GCA_000007565.2_ASM756v2	ftp://ftp.ncbi.nlm.nih.gov/genomes/all/GCF/000/007/565/GCF_000007565.2_ASM756v2
Mycobacterium tuberculosis variant bovis AF2122/97	Bacteria;Terrabacteria group;Actinobacteria	AF2122/97	SAMEA20450668	PRJEB15187	GCA_000195835.2	Complete	4.3499	65.6	chromosome Mycobacterium_bovis_AF2122/97:NC_002945.4/LT708304.1		1	3988	2001-01-25T00:00:00Z	ftp://ftp.ncbi.nlm.nih.gov/genomes/all/GCA/000/195/835/GCA_000195835.2_ASM19583v2	ftp://ftp.ncbi.nlm.nih.gov/genomes/all/GCF/000/195/835/GCF_000195835.2_ASM19583v2
Escherichia coli str. K-12 substr. MG1655	Bacteria;Proteobacteria;Gammaproteobacteria	K-12 substr. MG1655	SAMN02604091	PRJNA225	GCA_000005845.2	Complete	4.64165	50.8	chromosome:NC_000913.3/U00096.3		1	4242	1998-10-13T00:00:00Z	ftp://ftp.ncbi.nlm.nih.gov/genomes/all/GCA/000/005/845/GCA_000005845.2_ASM584v2	ftp://ftp.ncbi.nlm.nih.gov/genomes/all/GCF/000/005/845/GCF_000005845.2_ASM584v2
Salmonella enterica subsp. enterica serovar Typhimurium str. LT2	Bacteria;Proteobacteria;Gammaproteobacteria	LT2	SAMN02604315	PRJNA241	GCA_000006945.2	Complete	4.95138	52.2171	chromosome:NC_003197.2/AE006468.2; plasmid pSLT:NC_003277.2/AE006471.2		2	4548	2001-10-26T00:00:00Z	ftp://ftp.ncbi.nlm.nih.gov/genomes/all/GCA/000/006/945/GCA_000006945.2_ASM694v2	ftp://ftp.ncbi.nlm.nih.gov/genomes/all/GCF/000/006/945/GCF_000006945.2_ASM694v2
Escherichia coli O83:H1 str. NRG 857C	Bacteria;Proteobacteria;Gammaproteobacteria	NRG 857C	SAMN02603727	PRJNA41221	GCA_000183345.1	Complete	4.89488	50.706	chromosome:NC_017634.1/CP001855.1; plasmid pO83_CORR:NC_017659.1/CP001856.1		2	4578	2010-11-30T00:00:00Z	ftp://ftp.ncbi.nlm.nih.gov/genomes/all/GCA/000/183/345/GCA_000183345.1_ASM18334v1	ftp://ftp.ncbi.nlm.nih.gov/genomes/all/GCF/000/183/345/GCF_000183345.1_ASM18334v1
Buchnera aphidicola str. APS (Acyrthosiphon pisum)	Bacteria;Proteobacteria;Gammaproteobacteria	APS	SAMD00061095	PRJNA245	GCA_000009605.1	Complete	0.655725	26.3523	chromosome:NC_002528.1/BA000003.2; plasmid pLeu:NC_002253.1/AP001071.1; plasmid pTrp:NC_002252.1/AP001070.1		3	574	2001-09-10T00:00:00Z	ftp://ftp.ncbi.nlm.nih.gov/genomes/all/GCA/000/009/605/GCA_000009605.1_ASM960v1	ftp://ftp.ncbi.nlm.nih.gov/genomes/all/GCF/000/009/605/GCF_000009605.1_ASM960v1
Clostridium botulinum A str. ATCC 3502	Bacteria;Terrabacteria group;Firmicutes	ATCC 3502	SAMEA1705919	PRJNA193	GCA_000063585.1	Complete	3.90326	28.1941	chromosome:NC_009495.1/AM412317.1; plasmid pBOT3502:NC_009496.1/AM412318.1		2	3581	2007-05-23T00:00:00Z	ftp://ftp.ncbi.nlm.nih.gov/genomes/all/GCA/000/063/585/GCA_000063585.1_ASM6358v1	ftp://ftp.ncbi.nlm.nih.gov/genomes/all/GCF/000/063/585/GCF_000063585.1_ASM6358v1
Escherichia coli O104:H4 str. 2011C-3493	Bacteria;Proteobacteria;Gammaproteobacteria	2011C-3493	SAMN01831188	PRJNA81095	GCA_000299455.1	Complete	5.43741	50.6346	chromosome:NC_018658.1/CP003289.1; plasmid pAA-EA11:NC_018666.1/CP003291.1; plasmid pESBL-EA11:NC_018659.1/CP003290.1; plasmid pG-EA11:NC_018660.1/CP003292.1		4	5138	2012-09-27T00:00:00Z	ftp://ftp.ncbi.nlm.nih.gov/genomes/all/GCA/000/299/455/GCA_000299455.1_ASM29945v1	ftp://ftp.ncbi.nlm.nih.gov/genomes/all/GCF/000/299/455/GCF_000299455.1_ASM29945v1
Escherichia coli UMN026	Bacteria;Proteobacteria;Gammaproteobacteria	UMN026	SAMEA3138233	PRJNA33415	GCA_000026325.2	 Chromosome	5.3582	50.6405	chromosome:NC_011751.1/CU928163.2; plasmid p1ESCUM:NC_011749.1/CU928148.1; plasmid p2ESCUM:NC_011739.1/CU928149.1		3	5017	2008-12-17T00:00:00Z	ftp://ftp.ncbi.nlm.nih.gov/genomes/all/GCA/000/026/325/GCA_000026325.2_ASM2632v2	ftp://ftp.ncbi.nlm.nih.gov/genomes/all/GCF/000/026/325/GCF_000026325.1_ASM2632v1
Escherichia coli O157:H7 str. Sakai	Bacteria;Proteobacteria;Gammaproteobacteria	Sakai substr. RIMD 0509952	SAMN01911278	PRJNA226	GCA_000008865.2	Complete	5.5946	50.4477	chromosome:NC_002695.2/BA000007.3; plasmid pO157:NC_002128.1/AB011549.2; plasmid pOSAK1:NC_002127.1/AB011548.2		3	5155	2001-03-07T00:00:00Z	ftp://ftp.ncbi.nlm.nih.gov/genomes/all/GCA/000/008/865/GCA_000008865.2_ASM886v2	ftp://ftp.ncbi.nlm.nih.gov/genomes/all/GCF/000/008/865/GCF_000008865.2_ASM886v2
